  ,Цели блока,№ ,Название проекта,Краткое описание проекта,"Образовательные результаты (знает, понимает, умеет)",Список навыков,Уровень аудитории,Обязательные инструменты (через запятую),Сторителлинг,Формат,Кол-во в группе,"Трудоемкость, астр.часы","Трудоемкость, дни","Общая трудоемкость, дни",XP за проект,Название проекта на платформе и в Gitlab,Ссылки на GitLab/Google docs
Название всего блока (если делим на блоки),- цели всего блока (чему научим),,Название проекта,"Краткое описание, что представляет собой проект и задания в нем","что узнает и чему научится участник конкретно в этом проекте,
используем таксономию Блума","список навыков, которые осваивает пир в этом проекте",Уровень подготовки участника,"Инструменты, обязательные для выполнения проекта","Кейс, роль, рабочая ситуация и ограничения проекта",,,344,"116,96",,1760,очень важно придерживаться правил именования проектов (конфля),ссылки на готовые проекты - идеально ссылки на репы в гитлабе
"Блок 1.
Введение в проектную деятельность                ","Понятие проекта и процесса, их отличия
Основы общего менеджмента: планирование, организация, мотивация, контроль
Что такое проектный менеджмент и его области ответственности
Специфика управления проектами в IT
Роли и функции проектного менеджера
Отличия между IT-проектами и проектами в других сферах
Составление сравнительных таблиц по ключевым параметрам
Оценка ресурсов, бюджета и рисков на примере реальных кейсов
Принципы самообучения и peer-to-peer подход в обучении
",1,Проекты и процессы в управлении,"Введение в проектный менеджмент, определение IT-проектов. Описание роли и функций менеджера проектов. Практика по определению целей, сроков, бюджета и  рисков проекта.","Анализировать и классифицировать проекты и процессы
Выделять ключевые параметры проектной деятельности
Оценивать потребности в ресурсах и длительность работ
Определять бюджет и риски проекта
Формулировать цели и результаты проекта
Работать с табличными форматами проектного анализа
Применять базовые принципы менеджмента в практических заданиях","Project planning, Analytical thinking",Начальный,"Markdown, таблицы, Miro","Ты работаешь младшим project manager в учебной IT-команде. Тебе нужно применить тему «Проекты и процессы в управлении» к рабочему кейсу: Введение в проектный менеджмент, определение IT-проектов. Описание роли и функций менеджера проектов. Практика по определению целей, сроков, бюджета...",индивидуальный,,12,"4,08",8,120,PjM1_ProjPM,https://platform.21-school.ru/admin/materials/projects/69337
,"Этапы жизненного цикла IT-проекта
Задачи и специфика каждого этапа (анализ, планирование, реализация, тестирование, внедрение, сопровождение)
Гибкость и изменчивость в ходе проекта
Методики DevOps в жизненном цикле продукта
Сравнение ролей Product Manager и IT Project Manager
Зоны ответственности, цели и методы работы PM и PdM
Ключевые различия в подходах к продукту и к проекту
Формирование презентации как способ проектной аналитики
Факультативное изучение продуктового мышления",2,Жизненный цикл IT-проекта,"Описание жизненного цикла проекта, специфика IT-проектов, знакомство с DevOps подходом. Термины Product manager и project manager.  Задание на описание жизненного цикла продукта в формате презентации. ","Анализировать жизненный цикл цифрового продукта
Выделять ключевые этапы и события в рамках проекта
Описывать функции PM и PdM в связке
Оформлять проектную аналитику в формате презентации
Работать с открытыми источниками и адаптировать информацию под поставленную задачу
Применять принципы стратегического мышления к описанию продукта
Интерпретировать продуктовые и проектные роли в разных бизнес-контекстах
Применять автоматизацию и непрерывную доставку в разработке продукта","Project planning, Analytical thinking, Requirements Analisys",Начальный,"Markdown, таблицы","Ты работаешь младшим project manager в учебной IT-команде. Тебе нужно применить тему «Жизненный цикл IT-проекта» к рабочему кейсу: Описание жизненного цикла проекта, специфика IT-проектов, знакомство с DevOps подходом. Термины Product manager и project manager. Задание на...",индивидуальный,,12,"4,08",8,120,PjM2_LifeCycle,https://platform.21-school.ru/admin/materials/tasks/1577616/preview
,"Основы и структура PMBOK
Ценности и принципы Agile-манифеста
Каскадная модель (Waterfall) и её критика
Фреймворки Scrum и Kanban: процессы, роли, артефакты
События Scrum и их функции
Различия между гибкими и предсказуемыми подходами
Гибридные методологие Scrumban, Agile-Waterfall
Методология LEAN
Применение методологий исходя из параметров проекта",3,"Основные методологии управления проектами, методики и фреймворки","Знакомство с самыми популярными методологиями ведения проектов, практика по выбору методологии в проекте. ","Анализировать и сравнивать различные проектные методологии
Выделять ключевые принципы и этапы управления проектом
Описывать фреймворки Scrum и Kanban: события, артефакты, роли
Работать с первоисточниками (Agile-манифест, работа Ройса, Scrum Guide)
Выбирать методологию исходя из параметров проекта 
Ориентироваться в современных подходах к управлению проектами","Project management, Project planning",Начальный,"Markdown, таблицы","Ты работаешь младшим project manager в учебной IT-команде. Тебе нужно применить тему «Основные методологии управления проектами, методики и фреймворки» к рабочему кейсу: Знакомство с самыми популярными методологиями ведения проектов, практика по выбору методологии в проекте.",индивидуальный,,12,"4,08",8,120,PjM3_BasicM,https://platform.21-school.ru/admin/materials/projects/69373
,"Цифровые инструменты проектного менеджмента
Задачи и принципы работы таск-трекеров (Jira, Asana, Trello)
Структура и функции баз знаний (Confluence, Notion)
Визуализация задач и статусов выполнения
Календарное планирование и личная эффективность
Работа с командными и индивидуальными календарями
Декомпозиция задач и управление зависимостями
Распределение ролей и ресурсов в таск-трекерах
Планирование встреч и рабочих блоков
Использование общих пространств для брейн-штормов и ретро (Miro, FigJam)
Интеграции Jira/Asana с CI/CD (GitLab CI, GitHub Actions)",4,Инструменты менеджера проектов,"Демонстрация инструментов, которые используется в работе менеджером проектов для планирования и контроля исполнения задач. Знакомство с современными сервисами для совместной работы и автоматизации процессов в компании. Практика в декомпозации задач и применении онлайн сервисов. ","Работать с таск-трекерами и визуализировать проектную структуру
Декомпозировать задачи и распределять роли
Формировать и обновлять базу знаний проекта
Планировать рабочую неделю менеджера
Ставить и отслеживать напоминания
Организовывать рабочие встречи и статусные сессии
Учитывать зависимости между задачами при планировании
Применять онлайн-инструменты командной работы
Связывать онлайн-инструменты с помощью интеграций","Project management, Project planning",Начальный,"Markdown, таблицы, Miro","Ты работаешь младшим project manager в учебной IT-команде. Тебе нужно применить тему «Инструменты менеджера проектов» к рабочему кейсу: Демонстрация инструментов, которые используется в работе менеджером проектов для планирования и контроля исполнения задач. Знакомство с современными...",индивидуальный,,20,"6,8",10,200,PjM4_PjMTools,https://platform.21-school.ru/admin/materials/projects/73278
Блок 2. Подготовка проекта,"Роль этапа сбора требований в управлении проектом
Техники сбора требований: интервью, наблюдение, воркшопы, анализ аналогов
Глубинные интервью и работа с ожиданиями заказчика
Принципы эффективной коммуникации: эмпатия, активное слушание
Специфика работы с заказчиком в IT
Оформление и структура документа с требованиями
Приоритизация требований: обязательные, желательные, опциональные
Методы валидации и фиксации ограничений
Написание технического задания 
Инструменты: Figma, Tilda и др.
Начало работы над собственным проектом (сайт)

",5,Сбор требований,"Обучение сбору, валидации требований, формированию ТЗ. Первое задание, связаное с собственным проектом студента.","Применять техники сбора требований на практике
Проводить первичную коммуникацию с заказчиком
Формулировать, структурировать и приоритизировать требования
Оформлять требования в виде документа с визуальными элементами
Фиксировать ограничения и потенциальные риски
Подготавливать техническое задание и формулировать спецификации для API
Работать с требованиями по безопасности и устройчивости систем","Requirements Analisys, Change management, Business Modeling",Базовый,"Markdown, таблицы","Ты подключаешься к проекту после первой встречи с заказчиком. Требования звучат неоднозначно, команда спорит о приоритетах, и тебе нужно превратить разрозненные ожидания в проверяемую основу для работы.",индивидуальный,,16,"5,44",9,160,PjM5_ReqGather,https://platform.21-school.ru/admin/materials/projects/73277
,"Разделение ответственности Project и Product Management
Понятие и структура целевой аудитории
Формулировка и проверка гипотез: HADI и SMART
Качественные и количественные исследования
Фреймворки анализа: Persona, Jobs-To-Be-Done, CJM
Методология Customer Development и её этапы
Сбор и анализ пользовательской обратной связи
Метрики и стратегия развития цифрового продукта
Презентация результатов продуктового анализа",6,Анализ продукта,"Основы методов анализа продукта, исследования ЦА, работа с пользователями, базовые метрики. Описание взаимодействия Product и Project менеджера. Практика по анализу продукта.     ","Формулировать и проверять продуктовые гипотезы
Определять роль проджекта в работе с исследованиями продукта
Проводить пользовательские исследования (опросы, интервью, анализ)
Анализировать поведение и потребности целевой аудитории
Использовать продуктовые фреймворки для сегментации и описания задач
Разрабатывать план Customer Development
Понимать основные метрики продукта
Структурировать и визуализировать аналитические данные в презентации
Работать в команде над концепцией и развитием цифрового продукта","Team work, Project management, Analytical thinking",Базовый,"Google Analytics, Яндекс Метрика, Google Tag Manager, таблицы","Ты работаешь младшим project manager в учебной IT-команде. Тебе нужно применить тему «Анализ продукта» к рабочему кейсу: Основы методов анализа продукта, исследования ЦА, работа с пользователями, базовые метрики. Описание взаимодействия Product и Project менеджера....",групповой,3-4,20,"6,8",10,200,PjM6_ProAnalysis ,https://platform.21-school.ru/admin/materials/projects/73280
,"User Story Mapping как инструмент проектирования пользовательского опыта
Компоненты User Story Map: путь пользователя, эпики, задачи, приоритеты
Customer Journey Map (CJM) и её этапы
Отличие пользовательского пути для клиентского продукта и внутреннего (админка, поддержка)
Выявление болей, драйверов, барьеров на пути пользователя
Формирование и приоритизация бэклога
Связь User Story и библиотеки API методов в продукте
Связь между пользовательскими историями и планированием релизов
Создание MVP и распределение задач по релизам
Работа с таск-досками (Asana, Trello)
Визуализация прогресса и статусов задач
Коллаборация в команде и управление ролями
Понятия риск-аппетита и толерантности к риску
Документирование и пересмотр риск-аппетита в организациях",7,"User Story, CJM и бэклог",Проектирование функционала продукта с помощью инструментов User Story и Customer Journey Map. Формирование задач и бэклога для реализации этого функционала. Задания на формирование бэклога на основе пользовательских историй.,"Составлять User Story Map и CJM
Определять действия и цели пользователя в продукте
Формировать бэклог на основе пользовательских историй
Описывать API методы на основе пользовательских историй 
Приоритизировать задачи и распределять их по релизам
Использовать нейросети для формирования документации
Настраивать таск-доски и отслеживать статус задач
Работать с визуальными инструментами планирования
Согласовывать действия команды на этапе проектирования","Team work, Project management, Analytical thinking, Requirements Analisys, Project planning",Базовый,"Miro, таблицы, Markdown","Ты помогаешь команде продукта перевести пользовательские проблемы в понятные user stories и бэклог. Заказчик хочет быстро увидеть, какие задачи попадут в ближайший спринт.",групповой,3-4,12,"4,08",8,120,PjM7_UserStory,https://platform.21-school.ru/admin/materials/projects/73281
"Блок 3. Управление проектными
рисками","Понятие риска и его роль в управлении проектом
Проектный треугольник: время, стоимость, объём работ
Типы рисков: угрозы и возможности
Примеры реальных рисков: vendor lock in(корпоративные мессенджеры, облачные провайдеры), пиратское ПО, утечка данных
Уровни реагирования на риски: реактивный, калькулятивный, проактивный
Методы реагирования: принятие, снижение, избегание, передача
Цикл управления рисками: от планирования до мониторинга
SWOT-анализ как инструмент выявления рисков
P-I матрица (вероятность × влияние)
Создание реестра рисков и работа с шаблоном
Категоризация рисков: технические, организационные, управленческие, внешние
Понятия риск-аппетита и толерантности к риску
Документирование и пересмотр риск-аппетита в организациях",8,"Типы рисков, методы выявления и реагирования","Описание типов рисков на примерах, способы управления рисками. Задания на поиск рисков. ","Определять и формулировать проектные риски
Классифицировать риски по категориям
Применять SWOT-анализ и матрицу оценки рисков
Работать с шаблонами для реестров и таблиц
Оценивать влияние и вероятность рисков
Выбирать стратегию реагирования на риск
Документировать анализ рисков и план реагирования
Определять триггеры рисков и анализировать события ретроспективно","Project management, Project planning, Change management",Базовый,"Markdown, таблицы, Miro","Ты ведешь небольшой IT-проект с меняющимися требованиями, ограниченным сроком и напряжением в команде. Перед статус-встречей нужно выявить риски, понять их источники и подготовить основу для решений.",индивидуальный,,12,"4,08",8,120,PjM8_RisksMng,https://platform.21-school.ru/admin/materials/projects/73282
,"Метрика bus factor и её влияние на устойчивость проекта
Понятие технического долга и его взаимосвязь c рисками на проекте
Качественная и количественная оценка рисков
Формулы и расчёты: EF, SLE, ARO, ALE
Определение и признаки черных лебедей
Примеры реальных черных лебедей в истории
Стратегии управления трудно предсказуемыми рисками
Применение графических методов анализа
Методы реагирования на риски: избегание, перенос, снижение, принятие
План управления рисками как документ проекта
Управление рисками в Agile: гибкие подходы и итеративная оценка
Стратегии митигирования: таблицы и логика выбора
Исторический анализ кейсов кризисов в крупных компаниях (Apple, Netflix и др.)
Связь между планированием, документацией и управлением неопределённостью
Практика построения планов с учётом реальных примеров
План реагирования на инциденты
Разработка презентации на основе анализа кейса",9,План и стратегия митигирования рисков,Описание метрик рисков. Признаки и определение черного лебедя. Разработка плана и стратегии митигирования рисков. ,"Оценивать риск с использованием количественных и качественных метрик
Работать с понятием риск-аппетита в проектной среде
Анализировать уязвимость проекта с помощью bus factor
Идентифицировать и описывать потенциальные черные лебеди
Визуализировать риски и источники угроз
Документировать риски и предлагать меры реагирования
Составлять таблицу плана управления рисками
С помощью нейросетей анализировать риски
Выбирать адекватную стратегию реагирования в зависимости от условий
Анализировать последствия рисков и формулировать пути их смягчения
Выступать с презентацией анализа кризисной ситуации","Types and data structures
Project planning
Project management
Analytical thinking
Requirements analysis
Business modeling",Базовый,"Google Analytics, Яндекс Метрика, Google Tag Manager, таблицы","Ты ведешь небольшой IT-проект с меняющимися требованиями, ограниченным сроком и напряжением в команде. Перед статус-встречей нужно выявить риски, понять их источники и подготовить основу для решений.",индивидуальный,,24,"8,16",12,240,PjM9_PlanStr,https://platform.21-school.ru/admin/materials/projects/73283
Блок 4. Планирование и бюджетирование IT проектов,"Реверсивное и прогрессивное планирование
Понятие временного и ресурсного буфера
Диаграмма сгорания задач (Burndown chart)
Оценка задач по времени: экспертная, сравнительная, пошаговая
Балансировка ресурсов и распределение задач
Инструменты визуализаци: Excel, Asana, GitLab, Azure DevOps
Создание бэклога по требованиям проекта
Отслеживание статуса задач и переходов между этапами
Планирование с учетом релизных циклов CI/CD 
Agile и Scrum в контексте планирования
Интеграция диаграмм в цифровую среду проекта",10,Как эффективно планировать,Основные методы планирования с учетом специфика IT-проектов,"Формировать и визуализировать бэклог проекта
Применять методы реверсивного и прогрессивного планирования
Создавать диаграмму сгорания и использовать её для анализа
Оценивать длительность задач с учётом буферов
Декомпозировать задачи по этапам разработки
Планировать с учетом релизных циклов 
Использовать Asana или другие инструменты планирования
Отслеживать и анализировать прогресс по задачам","DevOps
Types and data structures
Project planning
Project management
Analytical thinking
Requirements analysis
",Базовый,"Markdown, таблицы, Miro",Ты работаешь младшим project manager в учебной IT-команде. Тебе нужно применить тему «Как эффективно планировать» к рабочему кейсу: Основные методы планирования с учетом специфика IT-проектов,индивидуальный,,12,"4,08",8,120,PjM10_EffPlan,https://platform.21-school.ru/admin/materials/projects/73284
,"Work Breakdown Structure (WBS, ИСР) и формы её визуализации
Декомпозиция этапов проекта до уровня пакетов работ
Дорожная карта проекта (roadmap)
Построение диаграммы Ганта и её ключевые элементы
Зависимости между задачами и этапами проекта
Планирование работ в кросс-командных проектах/ с внешними API-интеграциями
Сетевая диаграмма (PERT): узловая и стрелочная
Определение критического пути проекта
Гибкость и прозрачность планирования
Визуальные инструменты: ClickUp, Miro, Asana, Excel
Интеграция таск-доски и графиков выполнения",11,Формирование плана работ на основе бэклога,"Работа с диаграммой Ганта, определение зависимостей, фиксирование рисков, синхронизация бэклога с дорожной картой","Создавать и визуализировать структуру декомпозиции проекта
Формировать дорожную карту проекта
Работать с диаграммой Ганта и настраивать зависимости
Оценивать взаимосвязи и критические участки в плане
Управлять проектом с зависимостями во внешних командах
Использовать инструменты ClickUp, Asana, Miro
Разбивать проект на управляемые блоки и пакеты работ
Визуально представлять план реализации и прогресса","DevOps
Types and data structures
Project planning
Project management
Analytical thinking
",Базовый,"Miro, таблицы, Markdown","Ты помогаешь команде продукта перевести пользовательские проблемы в понятные user stories и бэклог. Заказчик хочет быстро увидеть, какие задачи попадут в ближайший спринт.",индивидуальный,,12,"4,08",8,120,PjM11_Backlog,https://platform.21-school.ru/admin/materials/projects/73285
,"Часовая ставка специалиста и составные элементы стоимости
Понятие человеко-часов и методы их расчёта
Расчёт трудозатрат по этапам проекта
Декомпозиция задач и детализация сметы
Составление финансового плана проекта
Роли и ставки специалистов в digital-проектах
Расходы проекта на платные сервисы:  облачные решения, безопасность, др.
Модели ценообразования (pay-as-you-go, reserved instances)
Подходы к оценке бюджета: Bottom-Up, Top-Down, Analogous
Работа с шаблоном сметы (табличный формат)
Анализ рисков и допущений при расчёте бюджета
Практика самостоятельного составления бюджета на собственный проект",12,Бюджет IT проекта и составление сметы,"Понятие расходов в проекте: человеко-часы, платные сервисы. Расчет необходимого количества времени на каждый из этапов разработки проекта. ","Оценивать объём работ в человеко-часах
Определять состав проектной команды и роль каждого специалиста
Учитывать оплату облачных решений в проекте
Разбираться в форматах подписки платных сервисов
Рассчитывать ставки и формировать структуру расходов
Составлять подробную и прозрачную смету
Работать с шаблонами бюджетов в Excel
Адаптировать подходы оценки под специфику проекта
Оформлять вводную часть и защищать финансовые расчёты","Project management
Analytical thinking
Requirements analysis
Business modeling",Базовый,"Markdown, таблицы, Miro","Ты готовишь оценку IT-проекта перед согласованием бюджета. Команда дала предварительные трудозатраты, а заказчику нужно увидеть понятную смету и риски перерасхода.",индивидуальный,,12,"4,08",8,120,PjM12_Budget,https://platform.21-school.ru/admin/materials/projects/73286
Блок 5. Soft skills,"Особенности деловой переписки в IT
Тональность и стиль сообщений в разных каналах
Структура эффективного письма (тема, обращение, содержание, call to action, срок, подпись)
Форматы деловой коммуникации: e-mail, мессенджеры
Этикет в чатах и правила деловой переписки в мессенджерах
Типичные ошибки: клише, обтекаемые фразы, пассивный залог
Адаптация языка в зависимости от аудитории (разработчики, заказчики, пользователи)
Книга «Новые правила деловой переписки» М. Ильяхова и Л. Сарычевой
Правила оформления: визуальная структура, пунктуация, краткость
Знакомство с нюансами общения в международных комантах
Переработка письма и составление рекомендаций",13,Деловая переписка,"Деловая переписка в IT, особенности коммуникации с заказчиком и с командой ","Писать эффективные письма и сообщения с учётом цели
Адаптировать стиль под адресата
Избавляться от клише и лишних слов
Структурировать информацию в письме
Формулировать call to action и обозначать сроки
Работать с деловыми форматами (e-mail, чат)
Эффективно коммуницировать в международных командах и на иностранном языке 
Оформлять тексты визуально читаемо и грамотно","Leadership
Project management
Requirements analysis
Business modeling",Базовый,"Markdown, почта/мессенджер, презентация","Ты представляешь команду в переписке с заказчиком. Нужно сохранить деловой тон, уточнить спорные вопросы и зафиксировать договоренности так, чтобы их можно было проверить позже.",индивидуальный,,12,"4,08",8,120,PjM13_BusCorr,https://platform.21-school.ru/admin/materials/projects/73287
,"Что такое переговоры и в каких ситуациях они происходят
Этапы переговоров: подготовка, обсуждение, принятие решений, реализация
Виды переговоров: внутренние, внешние, международные
Подготовка к переговорам: цели, интересы, стратегия, коммуникационный план
Навыки переговорщика: активное слушание, эмпатия, доверие, аргументация, работа с конфликтами
Сложности в переговорах: манипуляции, агрессия, профессиональные барьеры
Базовые стратегии переговоров: приспособление, компромисс, сотрудничество и др.
Арена торга и определение границ договорённости
Инструменты и техники переговоров: «открытая дверь», «салями» и др.
Практика моделирования переговоров с заказчиком по бюджету
",14,Эффективные переговоры,"Стратегии переговоров, применение максимально эффективной стратегии","Готовиться к переговорам и формулировать цели
Выбирать и применять стратегии переговоров
Анализировать интересы сторон и предлагать взаимовыгодные решения
Использовать инструменты убеждения и снятия возражений
Работать с конфликтами и управлять эмоциями
Моделировать кейсы переговоров
Выстраивать коммуникацию со стороной заказчика/клиента
Оформлять выводы в структурированной форме (таблица, презентация)","Project management
Requirements analysis
Business modeling",Базовый,"Markdown, почта/мессенджер, презентация","Ты участвуешь во встрече с заказчиком, который просит расширить объем работ без изменения сроков. Нужно выбрать стратегию переговоров и защитить интересы проекта.",индивидуальный,3-4,12,"4,08",8,120,PjM14_EffNeg,https://platform.21-school.ru/admin/materials/projects/73288
,"Преодоление страха и волнения перед выступлением
Работа с критикой и возражениями во время публичных диалогов
Управление интонацией, голосом и невербальными сигналами
Развитие выразительной и богатой речи
Структура выступления: техника SERMON и «рыбий скелет»
Сторителлинг как инструмент вовлечения аудитории
Формат TED-talk и подходы к подготовке содержательной речи
Работа с аудиторией и зрительным контактом
Подготовка презентации и визуального сопровождения
Практика командного публичного выступления",15,Публичные выступления,"Подготовка к публичному выступлению: работа с волнением, голосом и речью.","Справляться с волнением перед выступлением
Структурировать речь по технологии SERMON
Говорить уверенно, эмоционально и по делу
Использовать сторителлинг для вовлечения аудитории
Работать с критикой и конструктивно отвечать на вопросы
Готовить текст и презентацию для публичного выступления
Учитывать аудиторию и управлять вниманием слушателей","Project management
Business modeling",Базовый,"Markdown, почта/мессенджер, презентация","Тебе нужно представить результаты проекта аудитории, которая не погружена в детали. Важно показать цель, ограничения, принятые решения и следующие шаги без перегрузки слушателей.",групповой,3-4,16,"5,44",9,160,PjM15_PubApp,https://platform.21-school.ru/admin/materials/projects/73289
,,16,Публичные выступления,"Подготовка к публичному выступлению: работа с волнением, голосом и речью.","Справляться с волнением перед выступлением
Структурировать речь по технологии SERMON
Говорить уверенно, эмоционально и по делу
Использовать сторителлинг для вовлечения аудитории
Работать с критикой и конструктивно отвечать на вопросы
Готовить текст и презентацию для публичного выступления
Учитывать аудиторию и управлять вниманием слушателей",,Базовый,"Markdown, почта/мессенджер, презентация","Тебе нужно представить результаты проекта аудитории, которая не погружена в детали. Важно показать цель, ограничения, принятые решения и следующие шаги без перегрузки слушателей.",групповой,3-4,16,"5,44",9,160,,
Блок 6. Управление командой проекта,"Стили лидерства: авторитарный, демократический, либеральный, ситуативный
Принципы и примеры Agile-лидерства
Планирование коммуникации и формирование командных правил
Распределённая команда и вызовы, связанные с удалённой работой
Правила эффективных созвонов и встреч
Роль менеджера в предотвращении и разрешении конфликтов
Доверие в команде и управление через пример
Опросы, ""измерение температуры"" в команде
Коммуникация в разных организационных структурах: функциональной, проектной, матричной
Ограничения и возможности в зависимости от иерархии и структуры
Решение кейсов: управление конфликтами и зависимостями между командами  ",16,Коммуникация внутри команды IT проекта,"Управление командой с учетом организационной структуры компании, стили управления командой, формирование правил коммуникации в команде. ","Применять различные стили лидерства в зависимости от ситуации
Организовывать эффективную коммуникацию внутри команды
Разрабатывать командные правила и фиксировать договорённости
Планировать и документировать стратегию разрешения конфликтов
Управлять коммуникацией в распределенной команде
Оценивать психологическое состояние членов команды
Аргументировать свою позицию в переговорах внутри компании
Работать с ограничениями, накладываемыми структурой организации
Выстраивать доверие и предотвращать эмоциональное выгорание в команде","Leadership
Project planning
Project management",Базовый,"Markdown, почта/мессенджер, презентация","Ты работаешь с командой, где участники по-разному понимают ответственность и сроки. Нужно выстроить коммуникацию, снизить напряжение и сохранить движение проекта.",индивидуальный,,12,"4,08",8,120,PjM16_TeamCom,https://platform.21-school.ru/admin/materials/projects/73290
,"Поддержание мотивации в команде и соблюдение договорённостей
Индивидуальная мотивация: цели, развитие, признание. 
Мотивация и карьерный рост в условиях удаленной работы. 
Техника one-to-one встреч с членами команды  
Профилактика выгорания членов команды: ранние признаки и способы борьбы
Типы конфликтов: конструктивные и деструктивные
Принципы конструктивного разрешения споров
Роль культуры и лидерства в профилактике конфликтов
Пять стратегий управления конфликтами (по К. Томасу): избегание, конкуренция, приспособление, компромисс, сотрудничество
Разбор триггеров и сценариев конфликтов
Работа с кейсами на примере команд из популярных фильмов
Презентация анализа взаимодействий и выводов по улучшению командной динамики",17,Управление мотивацией и конфликтами внутри команды,"Как мотивировать команду соблюдать сроки и договоренности по проекту. Как избегать конфликты или урегулировать их, если они наступили. Как мотивировать сотрудников, в частности в распределенной команде.","Мотивировать команду и отдельных участников в офлайн и онлайн работе
Проводить one-to-one встречи с анализом мотивационного фона
Различать типы конфликтов и их динамику
Выбирать и применять стратегии разрешения конфликтов.
Улавливать ранние признаки выгорания членов команды и противостоять этому
Анализировать командное взаимодействие на примерах
Оформлять выводы и предлагать улучшения в формате презентации","Leadership
Team work
Project management
Requirements analysis
Change management
",Базовый,"Markdown, таблицы","Ты работаешь с командой, где участники по-разному понимают ответственность и сроки. Нужно выстроить коммуникацию, снизить напряжение и сохранить движение проекта.",групповой,3-4,16,"5,44",9,160,PjM17_TeamMng,https://platform.21-school.ru/admin/materials/projects/73291
Блок 7. Разработка проекта,"Этап аналитики в проектной деятельности
Роли аналитиков: бизнес-, системный, функциональный, pre-sales и другие
Сбор и документирование требований
Архитектура IT-продукта: монолит, микросервисы, серверлес
Работа с базами данных, инструмент DBeaver, Excel, SQL. Базовые принципы Data Mesh.
Работа с техническим писателем и архитектором
Визуальные инструменты: диаграммы, схемы, графики
Проектные роли менеджера на этапе аналитики и архитектуры
Модели бизнес-процессов: AS-IS, TO-BE, SHOULD-BE
Диаграмма последовательностей и диаграмма компонентов 
Инструменты визуализации: Miro, Lucidchart, Draw.io
Практика построения схем процессов и архитектуры
",18,Аналитика и архитектура проекта,"Основы бизнес и системной аналитики, применение инструментов визуализации данных, основы архитектуры продукта.","Проводить бизнес-анализ и документировать процессы
Различать и описывать роли аналитиков
Работать с архитектурными концепциями и понимать их различия
Создавать модели AS-IS и TO-BE
Использовать инструменты визуализации бизнес-процессов
Формулировать требования и предложения по улучшению процессов
Обосновывать выбор архитектурного решения и формировать техническое видение","
Types and data structures
Project management
Analytical thinking
",Средний,"Google Analytics, Яндекс Метрика, Google Tag Manager, таблицы","Ты работаешь младшим project manager в учебной IT-команде. Тебе нужно применить тему «Аналитика и архитектура проекта» к рабочему кейсу: Основы бизнес и системной аналитики, применение инструментов визуализации данных, основы архитектуры продукта.",индивидуальный,,12,"4,08",8,120,PjM18_Analytic,https://platform.21-school.ru/admin/materials/projects/73292
,"Различия между UX-, UI- и web-дизайном
Роль проектного менеджера в процессе проектирования
Основы UX/UI: юзабилити, пользовательский опыт, визуальный стиль
Прототипирование: цели, последовательность, ошибки, уровни детализации
Создание дизайн-систем: компоненты, цвет, типографика, кнопки
Финализация макетов: согласование, оценка правок, работа с заказчиком
Инструменты дизайна: Figma, шаблоны, плагины, совместная работа
Визуальное мышление и насмотренность как компетенции менеджера
Тексты в дизайне
Коммуникация между дизайнером и разработчиком
Практика оформления дизайн-системы в Figma",19,Прототипирование и дизайн,Изучение инструментов для разработки прототипов продукта. Взаимодействие Project Manager с дизайнером.,"Создавать простую дизайн-систему и оформлять её в Figma
Различать UX-, UI- и web-дизайн и понимать роли дизайнеров
Работать с макетами, шаблонами и визуальными компонентами
Работать с текстами в дизайне
Ставить задачи дизайнеру, формровать правки, принимать макеты
Понимать этапы прототипирования и участвовать в их реализации
Оценивать пригодность решений с точки зрения времени и бюджета
Коммуницировать с заказчиком по поводу финализации макетов
Формировать визуальный стиль и применять готовые решения","Project planning
Project management
Analytical thinking
",Средний,"Figma, Miro, Markdown","Команда готовит ранний прототип продукта для обсуждения с заказчиком. Тебе нужно согласовать ожидания, передать дизайнеру понятный контекст и проверить, что прототип отвечает цели проекта.",индивидуальный,,20,"6,8",10,200,PjM19_ProtDsgn,https://platform.21-school.ru/admin/materials/projects/73293
,"Различия между frontend и backend
Frontend: интерфейс, HTML, CSS, JavaScript
Backend: бизнес-логика, базы данных, серверная архитектура
Языки и фреймворки: React, Vue, Angular, Python, PHP, Ruby
Fullstack-разработка и её особенности
Взаимодействие frontend и backend через API
Знакомство с Postman и Swagger
Мониторинг статусов здоровья библиотеки методов 
Отличия микросервисной архитектуры от монолитной
Роль менеджера при параллельной разработке интерфейса и логики
Лайфхаки по коммуникации с разработчиками
Составление технических инструкций (на примере подключения онлайн-оплаты)
Понимание ограничений и возможностей разных технологий
Функциональное, нагрузочное, интеграционное, системное и автоматизированное тестирование
Дополнительные виды: usability, модульное, smoke- и unit-тесты
Роли на этапе тестирования: тестировщик, QA-инженер, QA-лид, разработчик, заказчик
Документация: тест-план, тест-кейсы, баг-репорты, сводные отчёты
Инструменты и среды тестирования: эмуляторы, полигон, браузеры
Тестирование API: Postman, Swagger
Жизненный цикл релиза в корпоративных системах",20,Frontend и backend: взаимодействие и роль менеджера,"Разница между frontend и backend, языки программирования, инструменты разработчика, процесс тестирования и релиза.","Различать зоны ответственности frontend и backend
Описывать процесс взаимодействия между клиентом и сервером
Формулировать технические задачи на основе пользовательских сценариев
Писать инструкции для команды разработки
Коммуницировать с разработчиками на базовом техническом языке
Понимать, как API связывает интерфейс и бизнес-логику
Разбираться в работе методов Rest API, статусах, json-параметрах  
Различать особенности микросервисной архитектуры и монолитной
Использовать нейросети для написания кода
Использовать визуальные схемы и примеры для упрощения коммуникации
Выбирать подходящие виды тестирования под специфику проекта
Разрабатывать и структурировать тест-план
Распределять зоны ответственности между участниками
Формировать описание задачи для эффективного проведения тестов
Оценивать риски и планировать их митигирование
Понимать цели и шаги нагрузочного тестирования
Проводить тестирование Rest API библиотек
Понимать жизненный цикл релиза и его связи с тестированием
Оформлять документацию по итогам тестирования","Types and data structures
Analytical thinking
Requirements analysis",Средний,"GitLab, draw.io, таблицы, Markdown","Ты координируешь техническую команду и должен понимать, как решения разработки влияют на сроки, надежность и релиз. Нужно перевести технические зависимости на язык управленческих решений.",индивидуальный,,12,"4,08",8,120,PjM20_FrontBack, https://platform.21-school.ru/admin/materials/projects/73294
,"Состав и функции IT-инфраструктуры
СУБД: реляционные, NoSQL, графовые
Принципы выбора СУБД под разные задачи
Серверы: физические, виртуальные, облачные
Облачные модели (IaaS, PaaS, SaaS, FaaS)
Основные сервисы AWS/Azure/GCP (Compute, Storage, DB, Networking)
Хостинг и его роль в размещении проектов
Особенности высоконагруженных решений
Кэширование, балансировка, кластеризация, репликация
Роли специалистов на инфраструктурном этапе
Сравнение кейсов по параметрам инфраструктуры
Особенности тестирования высоконагруженных сервисов
Инструменты нагрузочного тестирования: JMeter, Gatling, LoadRunner
Нагрузочное тестирование облачных приложений",21,IT-инфраструктура проекта,"Что такое инфраструктура проекта: сервер, база данных, системы мониторинга, безопасность и надежность данных. ","Анализировать требования проекта и подбирать подходящую СУБД
Определять объёмы данных и их прирост
Выбирать тип хостинга и сервера под задачи проекта
Формировать инфраструктурные решения для проектов разного масштаба
Разбираться в моделях и сервисах облачных решений
Аргументировать выбор технологий и ролей специалистов
Оформлять результаты в виде презентации
Работать с терминами и визуальными схемами
Понимать цели и шаги нагрузочного тестирования
Анализировать особенности высоконагруженных решений","DevOps
Types and data structures
Analytical thinking
",Средний,"GitLab, draw.io, таблицы, Markdown","Ты координируешь техническую команду и должен понимать, как решения разработки влияют на сроки, надежность и релиз. Нужно перевести технические зависимости на язык управленческих решений.",индивидуальный,,12,"4,08",8,120,PjM21_ITInfStruct,https://platform.21-school.ru/admin/materials/projects/73295
Блок 8. Запуск проекта и организация поддержки,"Сценарии завершения проекта: запуск, закрытие, модернизация, достижение целей
Ретроспектива и постпроектный аудит: структура, цели, инструменты
Разбор кейсов: успешный запуск, прекращение, вывод из эксплуатации
Подготовка финальной презентации: структура, визуальные элементы, акценты
Аудит результатов и метрик проекта
Презентация проекта перед стейкхолдерами и другими командами
Форматы завершения коммуникации с заказчиком
Уроки проекта: чего удалось достичь, что можно было бы улучшить
Рефлексия в команде и обсуждение идей на будущее
Работа с обратной связью от других команд
Процесс завершения проекта: задачи и требования
Поддержка проекта после релиза
Организация и структура базы знаний (на примере Notion)
Документация: бухгалтерская, юридическая, проектная, административная
Наведение порядка в таск-трекерах и базах данных
Оформление технического долга и его приоритизация
Формирование пакета информации для команды сопровождения
Инструкции по взаимодействию с админ-панелью, средами и доступами
Практика передачи дел: отпуск, увольнение, ротация менеджеров
Принципы ретроспективы и передача знаний между участниками",22,Завершение проекта: запуск и презентация,"Варианты завершения проекта.
Проведение ретроспективы и постпроектного аудит.
Презентация завершенного проекта заказчику, визуализация результатов работы. ","Анализировать причины завершения проекта и оформлять выводы
Проводить ретроспективу и постпроектный аудит
Подготавливать презентацию результатов проекта с акцентом на цели, бюджет, риски
Проводить внутреннее обсуждение достижений и неудач
Структурировать обратную связь и формулировать улучшения
Оценивать целесообразность публичной презентации
Выступать перед командой и другими участниками образовательного процесса
Структурировать и вести базу знаний проекта
Определять и описывать технические долги
Оформлять ссылки и структуру доступов
Формировать содержание проектной, бухгалтерской и юридической документации
Фиксировать данные о команде, встречах, ретроспективах
Применять инструменты коллективной работы (Notion, Asana и др.)
Передавать проект команде сопровождения без потери информации","Leadership
Team work
Project planning
Project management",Средний,"Markdown, таблицы","Тебе нужно представить результаты проекта аудитории, которая не погружена в детали. Важно показать цель, ограничения, принятые решения и следующие шаги без перегрузки слушателей.",групповой,3-4,8,"2,72",6,80,PjM22_CompPro,https://platform.21-school.ru/admin/materials/projects/73296
,"Процесс завершения проекта: задачи и требования
Поддержка проекта после релиза
Организация и структура базы знаний (на примере Notion)
Документация: бухгалтерская, юридическая, проектная, административная
Наведение порядка в таск-трекерах и базах данных
Оформление технического долга и его приоритизация
Формирование пакета информации для команды сопровождения
Инструкции по взаимодействию с админ-панелью, средами и доступами
Практика передачи дел: отпуск, увольнение, ротация менеджеров
Принципы ретроспективы и передача знаний между участниками",25,Организация поддержки проекта,Основные шаги по созданию технической базы для дальнейшего саппорта,"Структурировать и вести базу знаний проекта
Определять и описывать технические долги
Оформлять ссылки и структуру доступов
Формировать содержание проектной, бухгалтерской и юридической документации
Фиксировать данные о команде, встречах, ретроспективах
Применять инструменты коллективной работы (Notion, Asana и др.)
Передавать проект команде сопровождения без потери информации",,Средний,"Markdown, таблицы",Ты работаешь младшим project manager в учебной IT-команде. Тебе нужно применить тему «Организация поддержки проекта» к рабочему кейсу: Основные шаги по созданию технической базы для дальнейшего саппорта,групповой,3-4,8,"2,72",6,80,,
,"Назначение и принципы работы систем аналитики
Подключение и настройка Google Analytics
Подключение и настройка Yandex.Metrica
Работа с Google Tag Manager и настройка тегов
Определение целей и создание воронок конверсий
Сводные отчёты и анализ ключевых метрик
Показатели отказов, глубина просмотра, источники трафика
Инструменты для Product Analytics: Amplitude, Mixpanel, Hotjar
Использование вебвизора и тепловых карт
Лучшие практики сбора, анализа и применения данных
Роль проектного менеджера в работе с аналитикой
Мониторинг производительности API ",21,Инструменты аналитики,"Работа с инструментами Google Tag Manager, Google Analytics, Яндекс Метрика, мониторинг ","Подключать и настраивать системы аналитики
Формулировать цели и строить воронки
Использовать GTM для централизованного управления тегами
Выгружать и анализировать сводные отчёты
Фиксировать поведение пользователей и выявлять точки отказа
Интерпретировать метрики для оптимизации продукта
Применять аналитику в рамках задач проектного менеджмента
Оценивать производительность API библиотеки  ",,Средний,"Google Analytics, Яндекс Метрика, Google Tag Manager, таблицы","Ты работаешь младшим project manager в учебной IT-команде. Тебе нужно применить тему «Инструменты аналитики» к рабочему кейсу: Работа с инструментами Google Tag Manager, Google Analytics, Яндекс Метрика, мониторинг",индивидуальный,,12,"4,08",8,120,,
Финальный экзамен (тестирование),Проверить уровень знаний пиров по всей пройденной программе,1,Финальный экзамен (тестирование),,,"DevOps
Leadership
Team work
Types and data structures
Project planning
Project management
Analytical thinking
Requirements analysis
Change management
Business modeling",Итоговый,"Markdown, таблицы","Ты завершаешь программу и проверяешь, можешь ли связать темы управления проектом в единую рабочую картину. Задача — показать не отдельные термины, а способность принимать решения в проектной ситуации.",,,2,,,,PjM_Ex,https://platform.21-school.ru/admin/materials/projects/73298
,,,,,,,,,,,,,,,,,
,,,,,,,,,,,,,,,,,
,,,,,,,,,,,,,,,,,
,,,,,,,,,,,,,,,,,
,,,,,,,,,,,,,,,,,
,,,,,,,,,,,,,,,,,
,,,,,,,,,,,,,,,,,
,,,,,,,,,,,,,,,,,
,,,,,,,,,,,,,,,,,
,,,,,,,,,,,,,,,,,
,,,,,,,,,,,,,,,,,
,,,,,,,,,,,,,,,,,
,,,,,,,,,,,,,,,,,
,,,,,,,,,,,,,,,,,
,,,,,,,,,,,,,,,,,
,,,,,,,,,,,,,,,,,
,,,,,,,,,,,,,,,,,
,,,,,,,,,,,,,,,,,
,,,,,,,,,,,,,,,,,
,,,,,,,,,,,,,,,,,
,,,,,,,,,,,,,,,,,
,,,,,,,,,,,,,,,,,
,,,,,,,,,,,,,,,,,
,,,,,,,,,,,,,,,,,
, ,,,,,,,,,,,,,,,,
